Método,Fitness(méd),Desvio,Avaliações(méd),Tempo(s)
Algoritmo Genético,9717.536909631812,42.170673188203686,10298.0,0.9880520820617675
Memético (AG+busca local),9671.871385433618,56.98135434117691,41801.6,2.9551466941833495
