Fator,Capacidade(h),Guloso,AG,AG vs guloso(%)
0.6,76.79999999999998,7052.196086867922,7196.921500171204,2.0522034770527497
0.8,102.4,8468.634247890817,8717.214662000031,2.9353070026743033
1.0,128.0,9516.826525737946,9720.8377879401,2.1436900383800417
1.2,153.59999999999997,9973.68615053161,10248.014197442442,2.750518141140934
1.4,179.2,9824.56797602546,10447.900794634603,6.344633373500375
1.6,204.8,9824.575704470235,10510.675258104966,6.983503148360404
